id;code;date;details;status;payment_method;payment_date;payment_amount;order_id
1;Soft Fresh payment;2019-07-15T14:59:19;Idaho Markets grow;PAID;CREDIT_CARD;2019-07-16T08:36:06;97790;10
2;Incredible Fresh Car Tuvalu;2019-07-15T09:03:45;Gorgeous Rubber Chicken Associate Central African Republic;ISSUED;CASH_ON_DELIVERY;2019-07-16T07:48:10;91525;3
3;Brand Regional Court;2019-07-15T18:00:37;client-driven olive;ISSUED;CASH_ON_DELIVERY;2019-07-15T09:30:29;25994;10
4;Kwanza Falkland Islands (Malvinas);2019-07-16T01:27:53;multi-byte Pound Sterling;ISSUED;CREDIT_CARD;2019-07-15T10:05:54;41663;8
5;Personal Loan Account markets;2019-07-15T10:30:29;EXE Rustic Steel Shirt drive;CANCELLED;CASH_ON_DELIVERY;2019-07-15T12:46:25;6351;5
6;infrastructures;2019-07-16T02:19:54;Ergonomic Fresh Chicken;ISSUED;CREDIT_CARD;2019-07-15T12:30:07;37785;3
7;Falls;2019-07-16T05:47:37;Response;ISSUED;CASH_ON_DELIVERY;2019-07-15T16:46:33;49816;6
8;transmit Gabon;2019-07-15T12:26:29;Vietnam California PNG;ISSUED;PAYPAL;2019-07-15T15:59:44;80504;3
9;Rubber Industrial seamless;2019-07-15T18:44:08;mesh partnerships;PAID;CREDIT_CARD;2019-07-15T10:06:19;79647;2
10;Configuration Buckinghamshire;2019-07-16T02:41:44;Canyon;ISSUED;PAYPAL;2019-07-16T05:48:01;46011;2
